96100039,10,10,20,10,22,72
96100041,10,10,18,8,24,70
96100052,2,10,15,10,16,53
96100063,10,2,13,0,14,39
96100074,10,20,18,18,21,87
96100085,1,10,20,7,26,64
96100096,10,20,18,5,22,75
96100103,10,20,14,20,26,90
96100114,10,13,15,6,18,62
96100125,10,10,17,12,24,73
96100136,6,4,6,16,24,56
96100147,9.5,7,11,0,19,46.5
96100158,10,14,20,0,23,67
96100169,10,13,5,20,22,70
96100171,10,20,15,20,28,93
96100182,6,5,20,19,24,74
96100193,10,15,15,20,28,88
96100209,0,0,0,0,0,0
96100211,10,2,18,8,24,62
96100222,8,20,20,18,27,93
96100233,5,2,18,0,8,33
96100244,10,1,20,3,26,60
96100255,6,3,8,0,15,32
96100266,10,4,18,6,3,41
96100277,8,11,15,8,15,57
96100288,0,0,0,0,0,0
96100299,2,2,20,18,20,62
96100306,0,11,10,2,24,47
96100317,10,20,20,20,30,100
96100328,2,3,11,0,19,35
96100339,10,10,10,0,18,48
96100352,0,2,8,6,16,32
96100363,10,20,18,17,29,94
96100374,5,4,3,19,21,52
96100385,10,7,20,19,19,75
96100396,10,3,6,8,22,49
96100403,10,0,20,0,6,36
96100414,0.5,6,20,0,18,44.5
96100425,0,2,0,0,10,12
96100436,10,20,20,20,25,95
96100447,5,3,15,3,24,50
96100458,10,10,20,20,28,88
96100469,10,20,20,20,30,100
96100471,6,3,0,5,22,36
96100482,10,2,20,8,25,65
96100493,10,20,20,15,25,90
96100509,10,14,20,12,26,82
96100511,10,3,20,15,25,73
96100522,10,10,18,15,25,78
96100533,10,12,20,6,28,76
96100544,10,20,14,20,26,90
96100555,0,2,17,10,24,53
96100566,10,13,4,0,11,38
96100577,0,10,10,10,12,42
96100588,10,0,19,20,27,76
96100599,4,2,9,4,17,36
96100606,6,9,12,12,17,56
96100617,10,12,15,18,25,80
96100628,10,10,20,20,28,88
96100639,2,11,20,20,28,81
96100641,8,3,11,4,8,34
96100652,0,3,15,0,16,34
96100663,0,2,12,20,18,52
96100674,5,3,18,18,24,68
96100685,0,2,15,0,20,37
96100696,2,8,5,0,10,25
96100703,5,3,20,14,22,64
96100714,10,1,18,11,24,64
96100725,8,3,17,20,26,74
96100736,10,20,18,11,30,89
96100747,9,2,9,5,16,41
96100758,10,20,20,18,30,98
96100769,10,10,20,18,26,84
96100771,1,1,1,1,3,7
96100782,10,5,16,16,22,69
96100793,1,2,12,2,18,35
96100809,8,7,16,2,21,54
96100811,4.5,3,15,7,17,46.5
96100822,8,20,20,4,11,63
96100833,10,13,18,20,23,84
96100844,10,5,14,15,12,56
96100855,10,0,0,19,18,47
96100877,10,20,18,20,27,95
96100888,8,2,20,20,21,71
96100899,2,2,8,11,23,46
96100906,10,12,20,20,30,92
96100917,6,3,14,0,2,25
96100928,10,4,20,20,30,84
96100939,10,11,18,18,30,87
96100941,8,20,20,13,30,91
96100952,10,2,20,15,28,75
96100963,10,3,10,18,24,65
96100974,3,3,13,6,19,44
96100985,10,2,18,10,24,64
96100996,10,8,20,15,24,77
96101002,10,16,15,20,26,87
96101013,10,8,6,7,21,52
96101024,10,16,20,6,18,70
96101035,4,20,20,20,26,90
96101046,0,0,0,0,0,0
96101057,6,3,10,18,6,43
96101068,10,3,16,18,28,75
96101079,9.5,2,20,16,19,66.5
96101081,10,10,18,16,26,80
96101092,0,2,4,6,18,30
96101108,8,3,20,11,24,66
96101119,10,2,18,20,24,74
96101121,10,20,20,20,28,98
96101132,10,12,20,20,30,92
96101143,10,20,20,14,30,94
96101154,1,14,13,20,26,74
96101165,10,12,20,20,26,88
96101176,8,12,17,8,17,62
96101187,10,11,20,5,26,72
96101198,8,3,20,10,18,59
96101205,10,11,20,8,22,71
96101216,10,3,18,6,25,62
96101227,8,10,20,12,28,78
96101238,5,5,10,8,15,43
96101251,10,11,20,11,16,68
96101262,10,13,20,18,24,85
96101273,10,10,18,8,26,72
96101284,10,4,20,12,28,74
96101295,10,12,15,10,14,61
96101302,7,5,15,7,23,57
96101313,10,10,15,18,26,79
96101324,10,20,20,20,25,95
96101335,10,9,11,10,28,68
96101346,8,3,20,7,20,58
96101357,10,12,15,20,26,83
96101368,10,10,14,15,24,73
96101379,10,10,17,20,24,81
96101381,10,9,20,20,25,84
96101392,10,11,20,8,27,76
96101408,8,5,18,13,25,69
96101419,10,1,18,7,8,44
96101421,0,0,6,0,6,12
96101432,10,10,20,14,24,78
96101443,0,3,20,0,19,42
96101454,10,13,20,14,28,85
96101465,8,4,10,8,20,50
96101476,6,3,18,8,11,46
96101487,10,13,20,20,30,93
96101498,10,1,2,6,16,35
96101505,10,20,20,20,26,96
96101516,9,4,18,10,26,67
96101527,10,20,18,8,19,75
96101538,2,2,15,12,18,49
96101549,8,6,18,8,24,64
96101551,0,4,20,2,12,38
96101562,2,10,20,10,21,63
96101573,5,13,18,8,21,65
96101584,10,10,20,9,24,73
96101595,10,4,18,16,26,74
96101602,10,11,20,20,30,91
96101613,8,2,15,8,25,58
96101624,10,20,18,20,22,90
96101635,10,20,20,12,26,88
96101646,10,5,20,13,30,78
96101657,6,4,11,20,22,63
96101668,10,3,20,20,24,77
96101679,10,3,20,20,23,76
96101681,10,3,20,13,30,76
96101692,10,3,18,19,25,75
96101708,10,18,20,8,28,84
96101719,5,4,20,5,23,57
96101721,10,10,20,15,22,77
96101732,10,0,15,2,23,50
96101743,8,0,20,17,28,73
96101754,10,20,20,20,26,96
96101765,6,2,18,10,28,64
96101776,10,20,20,18,28,96
96101787,7,20,18,20,24,89
96101798,6,4,20,20,24,74
96101805,10,11,20,12,24,77
96101816,5,11,18,17,22,73
96101827,9,20,20,20,22,91
96101838,10,3,15,20,29,77
96101849,10,15,20,15,24,84
96101851,10,2,12,18,19,61
96101862,10,20,20,18,30,98
96101873,10,20,20,20,28,98
96101884,10,2,20,15,24,71
96101895,10,4,20,20,13,67
96101902,10,20,18,20,16,84
96101913,9,3,20,7,20,59
96101924,10,10,18,12,24,74
96101935,10,3,18,12,24,67
96101946,4,5,20,5,18,52
96101957,6,20,20,12,30,88
96101968,10,18,20,20,30,98
96101979,7,3,20,13,30,73
96101981,10,2,7,16,18,53
96101992,10,17,20,20,26,93
96102007,10,4,18,16,30,78
96102018,10,10,15,8,24,67
96102029,10,3,19,10,25,67
96102031,6,3,16,1,10,36
96102042,10,11,20,16,24,81
96102053,10,4,20,17,25,76
96102064,10,10,20,20,30,90
96102075,10,3,20,5,24,62
96102086,10,11,18,19,29,87
96102097,10,1,15,0,18,44
96102104,10,5,20,20,25,80
96102115,10,2,17,20,22,71
96102126,10,7,18,7,23,65
96102137,10,4,18,20,25,77
96102148,10,20,20,20,28,98
96102159,6,2,20,6,16,50
96102161,10,3,18,5,24,60
96102172,10,20,20,20,30,100
96102183,10,3,20,17,28,78
96102194,10,20,20,20,30,100
96102201,10,20,16,20,30,96
96102212,10,11,17,20,26,84
96102223,10,2,13,17,25,67
96102234,10,13,15,12,25,75
96102245,10,3,18,18,23,72
96102256,10,10,20,20,24,84
96102267,10,11,19,20,24,84
96102278,10,18,20,6,30,84
96102289,10,7,20,20,27,84
96102291,10,20,19,16,28,93
96102307,10,2,15,20,16,63
96102318,10,10,20,10,26,76
96102329,10,10,20,15,26,81
96102331,10,18,20,20,26,94
96102342,10,3,16,19,30,78
96102353,10,18,20,20,30,98
96102364,10,3,16,4,28,61
96102375,10,16,18,19,30,93
96102386,10,4,15,12,25,66
96102397,8,2,11,20,7,48
96102404,10,13,17,14,26,80
96102415,10,20,20,20,24,94
96102426,10,4,11,5,19,49
96102437,10,6,6,20,24,66
96102448,10,12,20,13,25,80
96102459,10,9,20,20,29,88
96102461,10,12,20,16,24,82
96102472,8,4,20,5,27,64
96102483,10,12,20,10,30,82
96102494,6,10,20,10,25,71
96102501,10,5,16,3,15,49
96102512,10,20,19,20,24,93
96102523,8,4,16,13,24,65
96102534,2,2,15,2,22,43
96102545,10,7,15,15,20,67
96102556,10,1,20,8,7,46
96102567,3,2,18,2,22,47
96102578,10,20,20,18,29,97
96102589,10,2,18,8,26,64
96102591,10,20,20,14,28,92
96102607,10,2,15,18,16,61
96102618,10,4,18,18,24,74
96102629,10,20,15,20,29,94
96102631,10,11,19,20,29,89
96102642,2,3,18,10,21,54
96102653,8,11,20,15,24,78
96102664,1,16,18,8,27,70
96102675,10,4,18,20,25,77
96102686,10,20,20,20,25,95
96102697,10,3,18,17,30,78
96102704,4,7,20,6,16,53
96102715,4,5,20,6,21,56
96102726,10,2,20,12,24,68
96102737,5,2,3,0,6,16
96102748,8,3,15,3,16,45
96102759,1,2,11,0,3,17
96102761,6,3,7,2,16,34
96102772,10,12,20,10,24,76
96102783,6,2,13,5,14,40
96102794,3,0,15,5,3,26
96102801,1,2,5,0,12,20
96102812,10,2,15,2,14,43
96102823,1,4,15,0,17,37
96102834,10,2,5,12,12,41
96102845,2,2,11,0,21,36
96102856,10,1,8,8,19,46
96102867,5,2,11,0,14,32
96102878,10,14,20,8,23,75
96102889,8,0,10,13,16,47
96102891,10,3,19,10,16,58
96102907,10,2,20,8,11,51
96102918,0,2,5,6,16,29
96102929,4,2,10,2,16,34
96102931,10,20,20,5,20,75
96102942,5,5,12,20,29,71
96102953,10,2,18,10,16,56
96102964,10,4,11,7,18,50
96102975,0,4,11,0,15,30
96102986,5,0,17,8,12,42
96102997,5,12,18,12,19,66
96103003,8,12,20,20,23,83
96103014,10,16,20,15,25,86
96103025,0,7,20,0,12,39
96103036,9.5,10,14,5,22,60.5
96103047,8,2,10,17,18,55
96103058,4,3,20,4,16,47
96103069,10,5,20,1,12,48
96103071,10,3,18,8,26,65
96103082,10,4,7,2,20,43
96103093,10,18,20,20,23,91
96103109,10,19,8,5,15,57
96103111,8,9,20,12,21,70
96103122,1,0,16,8,17,42
96103133,10,6,4,0,10,30
96103144,10,2,19,5,16,52
96103155,1,2,15,6,13,37
96103166,9,6,15,5,22,57
96103177,9,4,15,7,14,49
96103188,6,3,11,3,9,32
96103199,8,10,20,8,24,70
96103206,10,19,18,20,21,88
96103217,2,2,18,2,16,40
96103228,5,3,20,5,18,51
96103239,1,3,6,7,17,34
96103241,10,7,12,8,16,53
96103252,10,3,17,0,18,48
96103263,4,10,20,6,8,48
96103274,8,3,7,20,22,60
96103285,6,1,20,3,22,52
96103296,0,0,20,7,16,43
96103303,0,11,14,3,14,42
96103314,10,7,19,10,6,52
96103325,1,1,14,4,18,38
96103336,10,12,18,6,23,69
96103347,2,5,5,0,14,26
96103358,0,3,20,2,15,40
96103369,6,3,14,6,16,45
96103371,5,3,10,3,17,38
96103382,8,10,17,8,24,67
96103393,9.5,3,6,0,15,33.5
96103409,10,10,18,12,21,71
96103411,1,8,20,4,8,41
96103422,8,5,15,0,13,41
96103433,0,4,16,8,19,47
96103444,9.5,14,11,10,13,57.5
96103455,2,2,20,6,25,55
96103466,5,2,20,12,18,57
96103477,4,10,19,6,20,59
96103488,10,3,20,3,25,61
96103499,3,7,20,12,22,64
96103506,2,3,9,3,16,33
96103517,0,3,17,2,17,39
96103528,10,13,19,7,16,65
96103539,6,10,20,3,23,62
96103541,10,16,19,18,26,89
96103552,0,3,11,0,21,35
96103563,2,9,20,6,17,54
96103574,7,12,7,2,24,52
96103585,2,4,8,20,15,49
96103596,5,7,16,5,16,49
96103603,9,20,13,2,28,72
96103614,1,1,6,1,3,12
96103625,2,3,18,3,15,41
96103636,3,7,12,0,19,41
96103647,0,0,0,0,0,0
96103658,10,15,20,12,19,76
96103669,10,2,18,13,12,55
96103671,6,8,20,0,21,55
96103682,3,2,4,5,18,32
96103693,0,5,8,0,9,22
96103709,10,4,20,6,18,58
96103711,2,4,3,4,2,15
96103722,10,10,20,13,26,79
96103733,8,3,20,5,16,52
96103744,6,3,18,9,19,55
96103755,10,10,20,7,23,70
96103766,6,0,7,2,19,34
96103777,5,3,4,0,3,15
96103788,10,2,20,10,22,64
96103799,8,2,15,4,9,38
96103806,7,8,18,12,12,57
96103817,4,10,20,7,18,59
96103828,6,2,19,4,21,52
96103839,10,11,17,8,19,65
96103841,10,13,19,10,12,64
96103852,10,14,10,7,23,64
96103863,1,12,14,0,6,33
96103874,0,5,12,0,0,17
96103885,8,3,11,14,22,58
96103896,10,3,15,5,18,51
96103903,5,4,18,6,16,49
96103914,10,13,20,0,23,66
96103925,10,20,20,18,20,88
96103936,6,3,7,20,19,55
96103947,6,3,10,0,10,29
96103958,10,8,19,0,18,55
96103969,10,9,13,0,20,52
96103971,10,19,18,0,17,64
96103982,2,2,20,3,18,45
96103993,10,20,15,6,23,74
96104008,10,3,18,18,22,71
96104019,10,4,18,0,24,56
96104021,1,4,3,0,14,22
96104032,1,3,18,5,22,49
96104043,1,3,20,2,24,50
96104054,0,1,13,8,21,43
96104065,2,3,18,17,20,60
96104076,10,12,16,20,24,82
96104087,5,3,0,2,10,20
96104098,8,10,20,6,27,71
96104105,10,2,15,19,16,62
96104116,2,3,8,2,14,29
96104127,8,3,15,20,22,68
96104138,10,17,20,20,25,92
96104149,6,0,19,16,18,59
96104151,10,3,19,18,6,56
96104162,8,11,20,2,16,57
96104173,0,3,12,3,12,30
96104184,10,3,20,10,24,67
96104195,10,3,1,2,18,34
96104202,10,11,20,5,16,62
96104213,8,11,20,8,22,69
96104224,6,3,18,4,23,54
96104235,8,2,8,0,18,36
96104246,5,2,10,2,7,26
96104257,10,10,15,12,19,66
96104268,10,20,12,13,28,83
96104279,0,2,12,0,15,29
96104281,10,3,15,2,23,53
96104292,9,10,15,20,19,73
96104308,10,10,13,12,17,62
96104319,10,18,15,12,22,77
96104321,10,3,8,7,17,45
96104332,10,15,19,20,26,90
96104343,0,2,20,20,22,64
96104354,8,3,4,2,18,35
96104365,10,2,20,16,23,71
96104376,10,20,20,8,25,83
96104387,5,15,18,17,25,80
96104398,10,13,20,6,24,73
96104405,8,3,20,5,18,54
96104416,10,2,15,12,22,61
96104427,10,2,11,4,12,39
96104438,8,10,18,0,6,42
96104449,5,10,18,3,22,58
96104451,8,2,10,12,19,51
96104462,8,2,17,1,19,47
96104473,10,2,15,14,23,64
96104484,8,4,20,2,20,54
96104495,10,9,20,20,8,67
96104502,10,3,18,5,15,51
96104513,10,12,20,14,24,80
96104524,10,20,18,10,24,82
96104535,10,3,20,18,18,69
96104546,6,3,16,17,16,58
96104557,8,3,8,20,6,45
96104568,10,20,19,10,22,81
96104579,10,2,17,12,22,63
96104581,10,11,18,10,17,66
96104592,10,20,20,20,24,94
96104608,10,3,15,2,18,48
96104621,10,2,13,17,26,68
96104632,6,4,13,0,27,50
96104643,5,3,8,3,16,35
96104654,1,8,3,12,4,28
96104665,1,2,5,0,0,8
96104676,8,4,19,8,21,60
96104687,0,2,15,0,18,35
96104698,10,13,20,9,24,76
96104705,2,0,17,12,17,48
96104716,6,10,20,17,24,77
96104727,10,20,20,20,16,86
96104749,10,3,20,13,24,70
96104751,10,15,18,20,24,87
96104762,4,11,20,15,24,74
96104773,10,4,20,20,23,77
96104784,2,12,13,10,28,65
96104795,0,2,7,0,18,27
96104802,9,2,15,0,16,42
96104813,10,10,18,8,24,70
96104824,10,2,19,12,19,62
96104835,10,3,17,20,26,76
96104846,0,1,0,0,0,1
96104857,10,3,20,17,24,74
96104868,10,10,20,19,24,83
96104879,5,3,15,1,18,42
96104881,10,12,17,19,20,78
96104892,7,7,20,4,21,59
96104908,0,11,20,7,22,60
96104919,10,7,18,8,22,65
96104921,10,6,18,8,22,64
96104932,2,2,14,15,8,41
96104943,8,11,19,15,14,67
96104954,0,0,7,0,4,11
96104965,5,3,8,0,12,28
96104976,0,3,18,1,16,38
96104998,8,12,20,13,22,75
96105004,0,0,0,0,0,0
96105015,5,3,17,20,24,69
96105026,5,10,19,10,17,61
96105037,8,11,15,8,23,65
96105048,1,1,5,6,12,25
96105059,10,10,11,0,16,47
96105061,6,11,20,10,22,69
96105072,10,4,20,18,25,77
96105083,10,20,20,20,19,89
96105094,8,4,15,5,17,49
96105101,8,4,19,3,21,55
96105112,2,3,19,16,13,53
96105123,4,2,12,2,18,38
96105134,10,3,5,12,26,56
96105145,10,10,15,12,22,69
96105156,10,4,20,18,27,79
96105167,2,2,15,8,18,45
96105178,10,2,20,10,24,66
96105189,10,3,18,6,22,59
96105191,0,2,2,0,8,12
96105207,1,3,20,17,22,63
96105218,10,9,15,11,18,63
96105229,0,12,17,12,24,65
96105231,2,3,15,13,18,51
96105242,0,1,11,10,18,40
96105253,0,2,5,6,6,19
96105264,10,4,19,20,22,75
96105275,10,20,15,20,28,93
96105286,10,3,20,17,25,75
96105297,6,3,20,15,23,67
96105304,6,7,20,2,17,52
96105315,10,4,15,4,17,50
96105326,10,3,14,12,18,57
96105337,10,2,18,20,23,73
96105348,10,2,14,20,24,70
96105359,8,4,20,0,21,53
96105361,2,3,15,20,23,63
96105372,10,3,6,15,22,56
96105383,0,3,18,19,22,62
96105394,10,14,20,20,26,90
96105401,0,4,4,0,5,13
96105412,8,3,2,0,9,22
96105423,10,10,12,4,25,61
96105434,10,11,20,20,30,91
96105445,10,11,18,10,16,65
96105456,10,10,18,18,23,79
96105467,10,20,19,20,24,93
96105478,9,10,20,12,18,69
96105489,10,10,10,2,21,53
96105491,10,2,20,12,18,62
96105507,10,3,12,16,23,64
96105518,10,10,20,20,25,85
96105529,0,3,20,19,24,66
96105531,10,3,20,17,22,72
96105542,10,10,20,10,30,80
96105553,10,12,20,20,30,92
96105564,10,20,18,20,30,98
96105575,10,10,16,18,30,84
96105586,10,11,20,20,28,89
96105597,7,2,20,20,23,72
96105604,10,3,15,10,28,66
96105615,5,11,20,0,20,56
96105626,10,20,18,5,22,75
96105637,10,3,20,10,14,57
96105648,10,3,20,12,24,69
96105659,10,3,17,17,24,71
96105661,0,3,8,14,26,51
96105672,8,10,20,12,28,78
96105683,10,11,18,10,22,71
96105694,10,10,18,8,26,72
96105701,10,11,19,18,24,82
96105712,10,2,20,18,30,80
96105723,8,3,10,17,13,51
96105734,10,20,20,8,28,86
96105745,10,13,20,15,17,75
96105756,2,12,18,0,20,52
96105767,10,13,20,20,30,93
96105778,10,5,18,12,16,61
96105789,5,3,13,2,16,39
96105791,0,2,8,2,23,35
96105807,10,20,17,20,28,95
96105818,10,2,18,0,20,50
96105829,10,11,15,12,25,73
96105831,10,10,13,13,28,74
96105842,5,3,18,1,16,43
96105853,10,20,20,13,28,91
96105864,10,3,18,10,28,69
96105875,10,13,20,20,19,82
96105886,10,3,20,20,26,79
96105897,10,5,20,19,27,81
96105904,10,20,20,20,30,100
96105915,10,10,20,19,30,89
96105926,8,2,17,5,26,58
96105937,1,7,20,18,18,64
96105948,10,20,19,7,30,86
96105959,10,2,20,18,27,77
96105961,10,15,20,20,29,94
96105972,10,12,15,20,27,84
96105983,10,3,20,12,27,72
96105994,10,12,17,3,29,71
96106009,1,2,12,10,13,38
96106011,10,13,20,20,24,87
96106022,10,1,13,12,21,57
96106033,10,10,15,10,24,69
96106044,10,11,20,20,30,91
96106055,9,13,20,20,24,86
96106066,10,20,20,20,30,100
96106077,10,3,20,20,30,83
96106088,5,3,18,11,26,63
96106099,10,20,20,20,30,100
96106106,0,2,7,2,9,20
96106117,10,10,20,15,26,81
96106128,6,10,20,2,13,51
96106139,10,9,17,8,26,70
96106141,6,1,20,20,25,72
96106152,10,20,18,20,29,97
96106163,10,20,18,6,26,80
96106174,10,1,18,20,16,65
96106185,8,10,14,5,24,61
96106196,10,2,20,20,24,76
96106203,10,5,19,20,22,76
96106214,10,4,13,6,16,49
96106225,5,20,20,20,27,92
96106236,4,2,10,2,19,37
96106247,0,2,13,2,15,32
96106258,5,0,6,8,24,43
96106269,10,0,20,20,22,72
96106271,3,5,12,20,24,64
96106282,10,10,20,6,28,74
96106293,10,3,13,20,22,68
96106309,10,20,20,20,30,100
96106311,8,9,20,3,15,55
96106322,8,20,20,20,27,95
96106333,10,10,13,0,12,45
96106344,9,2,18,15,22,66
96106355,10,4,18,20,26,78
96106366,10,10,20,20,28,88
96106377,10,3,16,20,28,77
96106388,10,10,19,14,22,75
96106399,10,11,17,5,25,68
96106406,10,12,18,17,24,81
96106417,5,3,14,0,24,46
96106428,2,11,20,19,22,74
96106439,10,20,20,20,30,100
96106441,1,2,10,20,18,51
96106452,10,3,18,20,26,77
96106463,10,8,15,20,24,77
96106474,0,0,10,16,6,32
96106485,10,3,15,20,28,76
96106496,9,10,18,20,27,84
96106503,0,0,0,0,8,8
96106514,10,20,10,20,28,88
96106525,10,2,19,10,18,59
96106536,10,10,10,8,23,61
96106547,10,13,20,20,9,72
96106558,10,4,15,2,18,49
96106569,8,4,15,8,25,60
96106571,10,14,20,20,29,93
96106582,6,7,11,16,23,63
96106593,10,4,20,10,27,71
96106609,10,2,20,12,16,60
96106611,5,12,18,9,22,66
96106622,8,20,20,13,25,86
96106633,8,2,18,12,19,59
96106644,10,12,11,14,22,69
96106655,2,2,17,8,12,41
96106666,10,2,20,18,22,72
96106677,10,12,20,15,30,87
96106688,10,3,18,9,23,63
96106699,8,7,16,8,21,60
96106706,10,12,18,2,22,64
96106717,8,20,20,20,30,98
96106728,10,2,14,8,18,52
96106739,10,3,19,7,11,50
96106741,10,4,20,12,24,70
96106752,10,20,16,20,25,91
96106763,10,4,17,12,18,61
96106774,10,3,11,11,23,58
96106785,10,4,19,20,29,82
96106796,5,3,18,10,20,56
96106803,0,3,17,8,16,44
96106814,9,10,20,10,23,72
96106825,4,4,14,12,19,53
96106836,10,12,20,18,22,82
96106847,8,4,18,11,24,65
96106858,10,20,18,20,27,95
96106869,10,3,10,3,17,43
96106871,10,4,20,10,18,62
96106882,8,3,20,9,22,62
96106893,10,15,20,20,24,89
96106909,10,12,20,20,26,88
96106911,10,10,20,7,30,77
96106922,10,19,19,20,29,97
96106933,10,4,20,20,30,84
96106944,10,20,18,18,27,93
96106955,9,2,20,10,23,64
96106966,10,14,20,16,29,89
96106977,10,7,18,20,25,80
96106988,1,15,11,12,18,57
96106999,2,5,18,8,19,52
96107005,4,11,6,14,24,59
96107016,10,3,18,10,24,65
96107027,10,3,20,13,24,70
96107038,10,17,12,5,18,62
96107049,10,3,19,14,30,76
96107051,10,3,18,8,23,62
96107062,10,11,20,2,25,68
96107073,10,2,17,4,24,57
96107084,10,7,18,12,28,75
96107095,10,20,20,12,29,91
96107102,10,5,20,8,26,69
96107113,10,3,20,20,22,75
96107124,1,3,20,20,26,70
96107135,5,10,20,0,18,53
96107146,8,0,10,0,8,26
96107157,8,2,15,2,22,49
96107168,10,10,14,2,12,48
96107179,7,0,11,0,12,30
96107181,5,0,15,5,16,41
96107192,0,0,15,5,15,35
96107208,10,12,20,14,26,82
96107219,6,10,13,0,19,48
96107221,6,3,10,2,23,44
96107232,10,3,16,5,18,52
96107243,9,13,10,10,26,68
96107254,6,3,8,0,9,26
96107265,5,10,8,2,19,44
96107276,0,10,10,2,22,44
96107287,10,12,20,6,24,72
96107298,2,2,14,7,14,39
96107305,1,3,6,3,21,34
96107316,3,2,17,10,24,56
96107327,1,3,14,0,16,34
96107338,7,2,20,3,16,48
96107349,9,11,15,2,18,55
96107351,0,12,13,0,16,41
96107362,10,3,18,20,30,81
96107373,10,2,16,6,17,51
96107384,0,3,15,6,3,27
96107395,10,10,20,3,22,65
96107402,10,12,13,12,22,69
96107413,8,3,7,11,12,41
96107424,1,3,5,18,24,51
96107435,8,3,18,8,26,63
96107446,8,10,20,10,26,74
96107457,0,2,0,0,10,12
96107468,0,2,0,8,18,28
96107479,8,3,10,2,12,35
96107481,0,4,4,0,14,22
96107492,1,2,14,6,12,35
96107508,0,13,14,4,17,48
96107519,5,7,15,0,17,44
96107521,0,2,15,0,18,35
96107532,10,3,12,12,23,60
96107543,2,2,7,10,13,34
96107554,10,3,9,20,25,67
96107565,10,3,20,8,24,65
96107576,0,4,5,8,22,39
96107587,2,10,11,11,13,47
96107598,10,3,20,5,12,50
96107605,10,3,20,20,24,77
96107616,0,3,12,10,23,48
96107627,10,3,20,12,14,59
96107638,1,1,10,10,12,34
96107649,10,13,12,14,19,68
96107651,5,1,0,8,11,25
96107662,1,3,11,0,18,33
96107673,2,0,4,16,19,41
96107684,10,13,18,10,22,73
96107695,10,4,4,10,10,38
96107702,0,0,10,0,16,26
96107713,1,2,11,0,9,23
96107724,10,0,15,5,16,46
96107735,10,1,9,7,19,46
96107746,0,3,10,0,13,26
96107757,10,11,11,12,16,60
96107768,10,10,15,10,18,63
96107779,0,2,15,1,20,38
96107781,10,1,20,6,25,62
96107792,0,2,0,20,6,28
96107808,10,11,8,6,5,40
96107819,10,11,20,20,22,83
96107821,4,2,18,0,12,36
96107832,8,10,10,3,17,48
96107843,0,2,19,6,16,43
96107854,4,4,11,6,18,43
96107865,7,4,11,12,18,52
96107876,4,2,20,0,18,44
96107887,0,2,8,0,0,10
96107898,10,12,20,7,30,79
96107905,10,2,20,7,16,55
96107916,0,3,18,1,20,42
96107927,5,4,15,0,12,36
96107938,0,2,1,0,9,12
96107949,8,5,18,13,24,68
96107951,0,2,6,2,6,16
96107962,6,2,3,1,6,18
96107973,0,1,0,0,0,1
96107984,4,6,15,1,14,40
96107995,4,2,4,0,2,12
96108001,1,2,12,6,20,41
96108012,1,3,19,0,16,39
96108023,10,2,7,7,23,49
96108034,6,7,18,6,20,57
96108045,2,12,8,5,19,46
96108056,1,2,15,0,15,33
96108067,0,0,5,6,7,18
96108078,2,15,16,10,20,63
96108089,6,9,10,13,18,56
96108091,4,6,20,0,18,48
96108107,5,0,20,18,18,61
96108118,2,4,18,16,23,63
96108129,8,2,20,8,16,54
96108131,10,2,19,20,14,65
96108142,0,3,4,2,16,25
96108153,10,4,20,10,16,60
96108164,10,5,18,10,19,62
96108175,6,9,18,0,6,39
96108186,4,2,15,8,23,52
96108197,10,4,20,3,21,58
96108204,1,2,3,2,3,11
96108215,10,10,19,18,19,76
96108226,7,6,20,18,24,75
96108237,8,3,17,10,23,61
96108248,0,2,12,12,0,26
96108259,10,17,18,20,20,85
96108261,10,20,15,0,24,69
96108272,10,12,8,12,22,64
96108283,6,8,3,10,23,50
96108294,2,2,0,8,6,18
96108301,10,3,20,12,22,67
96108312,2,3,18,2,16,41
96108323,10,20,20,20,27,97
96108334,8,20,15,13,22,78
96108345,1,10,14,0,17,42
96108356,0,0,0,0,0,0
96108367,1,3,20,2,24,50
96108378,5,14,14,4,27,64
96108389,2,2,10,3,12,29
96108391,2,2,18,5,20,47
96108407,2,3,20,7,24,56
96108418,0,12,15,0,20,47
96108429,10,3,15,12,16,56
96108431,6,10,10,11,20,57
96108442,10,12,18,10,25,75
96108453,2,3,20,5,18,48
96108464,5,0,3,8,24,40
96108475,10,3,18,2,18,51
96108486,10,12,15,20,22,79
96108497,10,7,19,5,23,64
96108504,0,2,12,3,24,41
96108515,10,2,18,8,16,54
96108526,2,13,20,17,27,79
96108537,8,3,18,2,22,53
96108548,8,0,8,4,24,44
96108559,0,2,20,4,24,50
96108561,6,3,17,12,18,56
96108572,10,2,10,11,18,51
96108583,8,0,14,18,11,51
96108594,4,3,8,1,4,20
96108601,10,2,9,20,16,57
96108612,0,4,6,0,12,22
96108623,10,12,15,20,24,81
96108634,10,3,10,20,22,65
96108645,10,13,10,20,24,77
96108656,10,3,10,6,14,43
96108667,0,2,2,0,3,7
96108678,0,3,2,3,8,16
96108689,0,15,6,0,10,31
96108691,1,2,20,11,22,56
96108707,10,13,6,8,18,55
96108718,10,3,14,7,16,50
96108729,10,2,18,8,25,63
96108731,9,2,2,0,12,25
96108742,10,3,20,11,23,67
96108753,10,12,20,4,22,68
96108764,4,0,20,6,21,51
96108775,4,2,13,2,12,33
96108786,8,3,0,5,18,34
96108797,10,9,15,16,24,74
96108804,10,2,18,15,27,72
96108815,1,1,2,0,2,6
96108826,8,3,16,0,12,39
96108837,10,4,13,3,14,44
96108848,0,10,12,0,16,38
96108859,10,0,8,18,22,58
96108861,10,3,16,13,25,67
96108872,0,1,15,0,2,18
96108883,0,2,5,2,2,11
96108894,10,10,13,17,25,75
96108901,10,2,19,5,18,54
96108912,10,8,15,2,14,49
96108923,0,10,19,0,6,35
96108934,6,11,8,19,11,55
96108945,2,2,20,8,16,48
96108956,10,20,20,19,26,95
96108967,10,0,20,15,27,72
96108978,1,2,15,0,6,24
96108989,10,10,20,12,20,72
96108991,10,10,20,15,23,78
96109006,0,0,7,0,16,23
96109017,10,0,13,20,18,61
96109028,5,2,1,17,23,48
96109039,5,4,15,15,18,57
96109577,10,11,20,20,26,87
96109588,10,19,18,20,30,97
96109599,10,20,20,20,29,99
96109606,1,2,6,20,18,47
96109617,10,20,19,18,25,92
96109628,0,0,0,0,0,0
96109639,0,0,0,0,0,0
96109652,8,20,20,20,30,98
96109663,9,13,20,15,26,83
96109674,2,18,20,20,26,86
96109685,10,18,20,20,25,93
96109703,0,0,0,0,0,0
96109714,10,10,16,11,24,71
96109725,10,3,18,18,24,73
96109736,10,3,18,17,22,70
96109758,10,18,19,20,26,93
96109769,8,18,14,12,22,74
96109771,10,13,20,20,22,85
96109782,5,20,20,12,28,85
96109793,0,0,0,0,0,0
96109809,10,13,20,13,24,80
96109833,10,20,18,20,28,96
96109844,10,2,20,20,20,72
96109855,10,20,20,20,22,92
96109866,10,20,18,15,24,87
96109877,10,20,10,20,19,79
96109899,1,2,20,15,7,45
96109906,10,20,20,15,29,94
96109917,10,5,0,15,4,34
96109928,5,10,20,12,22,69
96109939,10,20,10,20,26,86
96109952,6.5,13,0,18,20,57.5
96109974,7,0,16,11,24,58
96109985,2,10,10,6,23,51
96109996,8,20,20,8,29,85
96110001,10,10,15,20,25,80
96110012,10,1,20,2,16,49
96110023,0,3,19,8,18,48
96110034,7,10,14,5,16,52
96110045,2,3,3,3,2,13
96110056,10,4,20,18,29,81
96110067,0,0,0,0,0,0
96110078,10,11,15,0,0,36
96110089,0,16,16,13,22,67
96110091,6,3,18,5,24,56
96110107,10,7,20,10,18,65
96110118,10,12,20,2,23,67
96110129,10,18,15,2,27,72
96110131,10,5,18,20,28,81
96110142,10,15,20,18,26,89
96110153,0,3,20,10,10,43
96110164,0,2,3,2,16,23
96110175,0,11,4,0,3,18
96110186,1,1,4,0,0,6
96110197,5,6,14,6,10,41
96110204,0,6,19,5,7,37
96110215,6,3,20,7,23,59
96110248,10,12,12,20,29,83
96110259,0,0,0,0,0,0
96110294,10,13,12,20,24,79
96110356,10,20,15,11,19,75
96110367,1,7,1,0,10,19
96110391,6,13,20,20,26,85
96110407,10,9,20,12,24,75
96110418,10,3,20,18,23,74
96110429,8,20,20,12,30,90
96110431,10,12,20,20,28,90
96110442,8,2,19,12,22,63
96110453,9,2,20,18,22,71
96110464,4,3,19,20,26,72
96110475,10,10,20,11,30,81
96110486,0,10,13,0,18,41
96110497,10,20,9,12,24,75
96110504,10,20,20,20,30,100
96110515,10,2,14,1,20,47
96110526,10,10,10,20,24,74
96110537,10,20,20,5,18,73
96110548,10,14,10,6,26,66
96110559,10,20,20,20,22,92
96110561,6,9,20,18,24,77
96110572,10,5,20,14,27,76
96110583,4,13,20,20,28,85
96110594,6,20,19,18,26,89
96110601,2,6,9,11,21,49
96110612,4,3,8,2,2,19
96110623,10,10,6,11,13,50
96110634,10,10,20,7,28,75
96110645,8,12,16,11,24,71
96110667,10,12,11,4,25,62
96110678,10,20,20,13,28,91
96110689,9,5,20,14,27,75
96110691,10,20,20,20,19,89
96110707,0,0,0,0,0,0
96110718,10,13,20,20,26,89
96110729,6,3,20,10,17,56
96110731,10,12,20,13,28,83
96110742,10,10,20,20,13,73
96110753,10,0,0,17,25,52
96110764,10,20,20,20,17,87
96110775,10,16,15,12,23,76
96110786,0,12,11,10,30,63
96110797,10,2,0,0,16,28
